source_dataset,label,pred,error_type,text_snippet
kaggle_fake_or_real,0,1,False Positive (Real predicted as Fake),"The Battle of New York: Why This Primary Matters It's primary day in New York and front-runners Hillary Clinton and Donald Trump are leading in the polls. Trump is now vowing to win enough delegates to clinch the Republican nomination and prevent a contested convention. But Sens.Ted Cruz, R-Texas, B"
kaggle_fake_or_real,0,1,False Positive (Real predicted as Fake),"Fact check: Trump and Clinton at the 'commander-in-chief' forum Hillary Clinton and Donald Trump made some inaccurate claims during an NBC “commander-in-chief” forum on military and veterans issues: • Clinton wrongly claimed Trump supported the war in Iraq after it started, while Trump was wrong, on"
kaggle_fake_or_real,0,1,False Positive (Real predicted as Fake),"With all three Clintons in Iowa, a glimpse at the fire that has eluded Hillary Clinton’s campaign CEDAR RAPIDS, Iowa — “I had one of the most wonderful rallies of my entire career right here in 1992,” Bill Clinton said by way of opening to the crowd of more than 1,100 on Saturday night. Two days bef"
kaggle_fake_or_real,0,1,False Positive (Real predicted as Fake),"Donald Trump’s Shockingly Weak Delegate Game Somehow Got Even Worse Donald Trump’s organizational problems have gone from bad to worse to flat-out embarrassing. Here’s Politico with the play-by-play from this weekend’s Colorado GOP convention, the latest scene of Trump’s delegate-securing failure: U"
kaggle_fake_or_real,0,1,False Positive (Real predicted as Fake),"How women lead differently As more women move into high offices, they often bring a style and approach that is distinct from men. But do they make better leaders? Democratic women of the US Senate stand on stage during the final night of the Democratic National Convention in Philadelphia (top). Ther"
kaggle_fake_or_real,0,1,False Positive (Real predicted as Fake),"The 1 chart that explains everything you need to know about partisanship in America While paging through Pew's best data visualizations of 2014 (it's awesome), I came across what I believe to be one of the best and most revealing charts about the state of American politics. Here it is: The chart, wh"
kaggle_fake_or_real,0,1,False Positive (Real predicted as Fake),"The slippery slope to Trump’s proposed ban on Muslims With little fanfare this fall, the New York developer who had planned to build an Islamic community center north of the World Trade Center announced that he would instead use the site for a 70-story tower of luxury condos. Those who had rallied i"
kaggle_fake_or_real,0,1,False Positive (Real predicted as Fake),Hillary Clinton Makes A Bipartisan Appeal on Staten Island Hillary Clinton told a Staten Island crowd today that she was the candidate who could reach across party lines to get things done as president—pointing to her experience representing the borough in the Senate and even giving public thanks to
kaggle_fake_or_real,0,1,False Positive (Real predicted as Fake),"Sanders Trounces Clinton in W. Va. -- But Will It Make a Difference? Meanwhile, Democrat Bernie Sanders picked up more delegates in the two states than Hillary Clinton. The Vermont senator's still way behind, but says he's not giving up, calling his win in West Virginia ""tremendous."" Clinton still h"
kaggle_fake_or_real,0,1,False Positive (Real predicted as Fake),"Donald Trump Is Changing His Campaign Slogan to Prove He’s Not Racist After a week of nonstop criticism from Democrats and Republicans alike for comments many condemned as racially charged, Donald Trump claims to be altering his campaign to be a little more inclusive. While the presumptive G.O.P. ha"
kaggle_fake_or_real,0,1,False Positive (Real predicted as Fake),"Pure chaos: Donald Trump’s campaign management offers a glimpse into his governing style (spoiler alert: it’s terrible) If you want a glimpse into a presidential candidate’s governing style, take a look at his campaign. How does he build an organization? How does he manage personnel? How does he del"
kaggle_fake_or_real,0,1,False Positive (Real predicted as Fake),"GOP insiders: Carly crushed it On this day in 1973, J. Fred Buzhardt, a lawyer defending President Richard Nixon in the Watergate case, revealed that a key White House tape had an 18..."
kaggle_fake_or_real,0,1,False Positive (Real predicted as Fake),"Both parties want to craft populist messages for 2016 Presidential hopefuls in both parties agree on at least one thing: Economic mobility, and the feeling of many Americans that they are being shut out from the nation’s prosperity, will be a defining theme of the 2016 campaign. Former Florida gover"
kaggle_fake_or_real,0,1,False Positive (Real predicted as Fake),"First Take: Wall Street bids goodbye to June hike NEW YORK -- Bye bye June rate hike. That was the billboard-size headline from Wall Street trading desks after the U.S. job-creation machine hit the wall in May. The government said 38,000 jobs were created in May, way, way, way below the roughly 160,"
kaggle_fake_or_real,0,1,False Positive (Real predicted as Fake),Obama makes the right call to tough it out in Afghanistan The president now plans to continue a U.S. ground force presence in Afghanistan to help hold off the Taliban until he leaves office. This is an uncommon turnaround for a president who hasn’t changed his mind on foreign policy since drawing hi
kaggle_fake_or_real,0,1,False Positive (Real predicted as Fake),Senate race rankings: Dems attack as GOP lays swing-state groundwork The move would make it easier for the Trump administration to demolish the exchanges.
kaggle_fake_or_real,0,1,False Positive (Real predicted as Fake),"American politics has reached peak polarization For a long time in American politics, we've been trapped in a cycle of ever-escalating political polarization. As measured by voting patterns in the US Congress, the two parties have pulled apart to distances we've never seen before. As measured by con"
kaggle_fake_or_real,0,1,False Positive (Real predicted as Fake),"Anti-Muhammad cartoon contest: Free speech or deliberately provocative? (+video) Sponsors say that the shootings in Garland, Texas, confirm their view of Islam as violence-prone. But critics say the event was designed to be incendiary and to poison relations at a volatile time. When Pamela Geller an"
kaggle_fake_or_real,0,1,False Positive (Real predicted as Fake),"Closed primaries, 'warped' democracy? Political parties choose their presidential nominees. But with more Americans opting out of parties, is the process representative of what America wants? The New York primary – and others ahead – offer insights. How SNL's 'the bubble' sketch about polarization i"
kaggle_fake_or_real,0,1,False Positive (Real predicted as Fake),"Donald Trump: Hillary Clinton has 'caused tremendous death' Republican presidential front-runner Donald Trump has a new attack line against Hillary Clinton: ""She has caused death."" Trump raised the stakes against Clinton on CBS' ""Face the Nation"" Sunday, insisting that as secretary of State in Presi"
kaggle_fake_or_real,1,0,False Negative (Fake predicted as Real),"Syrian War Report – November 1, 2016: Syrian Military Deploys Advanced T-90 Battle Tanks to Aleppo Syrian War Report – October 31, 2016: Al-Nusra-led Forces Failed to Break Aleppo Siege ‹ › South Front Analysis & Intelligence is a public analytical project maintained by an independent team of expert"
kaggle_fake_or_real,1,0,False Negative (Fake predicted as Real),"Brexit Encourages UK to Trade With Non-EU States, Including Russia Britain and EU After Brexit ( 31 ) 0 13 0 0 Brexit prompts the Unietd Kingdom to facilitate trade relations with non-EU states including Russia, the Russo-British Chamber of Commerce (RBCC) chairman told Sputnik. MOSCOW (Sputnik) — L"
kaggle_fake_or_real,1,0,False Negative (Fake predicted as Real),"220 ‘Significant’ Pipeline Spills Already This Year Exposes Troubling Safety Record By Dan Zukowski Three major U.S. pipeline spills within the last month are just a small part of the 220 significant incidents reported so far this year—and 3,032 since 2006—that provide a stark reminder of the enviro"
kaggle_fake_or_real,1,0,False Negative (Fake predicted as Real),"Lavrov and Kerry discuss Syrian settlement Lavrov and Kerry discuss Syrian settlement October 28, 2016 TASS Russian Foreign Ministry Sergey Lavrov and U.S. Secretary of State John Kerry discussed the Syrian settlement as well as the situation in Yemen and Libya by telephone on Oct. 28. The Russian F"
kaggle_fake_or_real,1,0,False Negative (Fake predicted as Real),"Putin Congratulates Trump, Says Russia Is Ready To Restore Relations With The US 1 Reply Tyler Durden – Perhaps the most beneficial outcome resulting from last night’s loss of the Clinton Clan, whose “charitable” donations from generous donors such as Saudi Arabia to the Clinton Foundation just ende"
kaggle_fake_or_real,1,0,False Negative (Fake predicted as Real),"What is one more election thread, ehhh? a reply to: kruphix Theocracy? Tim Kaine? In September 1980, as violence and civil war erupted throughout Central America, a quiet American left Harvard Law School to volunteer with Jesuit missionaries in northern Honduras. Around him, the United States-backed"
kaggle_fake_or_real,1,0,False Negative (Fake predicted as Real),"Syrian War Report – November 2, 2016: ISIS and Al-Nusra Attempt to Cut Off Govt Supply Line to Aleppo Trump Whistles His Dogs ‹ › South Front Analysis & Intelligence is a public analytical project maintained by an independent team of experts from the four corners of the Earth focusing on internation"
kaggle_fake_or_real,1,0,False Negative (Fake predicted as Real),"Western Lynch Mob on Russia Ties Itself up in Absurd Anots : Information Western Lynch Mob on Russia Ties Itself up in Absurd Knots By Finian Cunningham October 31, 2016 "" Information Clearing House "" - "" RT "" - The Western lynch mob-like campaign to get Russia goes on, with the gathering this wee"
kaggle_fake_or_real,1,0,False Negative (Fake predicted as Real),Comment on Tainted Measles Vaccine Kills More Than 50 Children In Syria by Tragic Deaths Used To Promote Vaccine Fear – On The Fence About Vaccines Photos Credits: Social Media The so called “ opposition health authorities ” said in a statement posted online in Arabic: “Primary investigations point 
kaggle_fake_or_real,1,0,False Negative (Fake predicted as Real),"Russia reacts to UN aid chief's Aleppo 'kill zone' remarks Russia Vitaly Churkin, the Russian ambassador to the UN (Photos by AFP) Russia’s UN Ambassador Vitaly Churkin has accused the United Nations aid chief of arrogance and bias after he told the UN Security Council that Russian and Syrian airstr"
kaggle_fake_or_real,1,0,False Negative (Fake predicted as Real),"Russia, India Discuss FGFA Advanced Fighter, Su-30MKI Upgrade Get short URL 0 16 0 0 Indian and Russian defense delegations discussed joint defense projects and defense issues of mutual interest, in particular, the Sukhoi/HAL Fifth Generation Fighter Aircraft (FGFA) and the upgrade of the Sukhoi Su-"
kaggle_fake_or_real,1,0,False Negative (Fake predicted as Real),"Iraq’s Skies Darken as Islamic State Torches Oil Iraq’s Skies Darken as Islamic State Torches Oil Posted on Oct 28, 2016 By Kieran Cooke / Climate News Network Photo: Kuwait, 1991. Today, the Islamic State copies Saddam Hussein, threatening Iraq’s environment with oil blazes. (Lt. Steve Gozzo USN vi"
kaggle_fake_or_real,1,0,False Negative (Fake predicted as Real),"Supreme Court Decides to Weigh in On Transgender Rights By Adalia Woodbury on Sun, Oct 30th, 2016 at 11:31 pm On Friday, the Supreme Court decided to weigh in on transgender rights in the case of Gloucester County School Board vs. G.G. This gives the right wing another chance to take civil rights aw"
kaggle_fake_or_real,1,0,False Negative (Fake predicted as Real),"Iranians Spend $2.1b on Beauty Products Annually, 3 Times more than Their European Counterparts 11 Shares 1 9 0 1 Iranians spend 4.5% of their annual earnings on beauty products, three times more than their European counterparts, as per official statistics. The Germans spend 1.5% and the French and "
kaggle_fake_or_real,1,0,False Negative (Fake predicted as Real),US abstains from UN vote calling for end to Cuban embargo US abstains from UN vote calling for end to Cuban embargo US abstains from UN vote calling for end to Cuban embargo By 0 94 The US government abstained from the UN vote on a resolution calling for an end to the US economic embargo against Cub
kaggle_fake_or_real,1,0,False Negative (Fake predicted as Real),"Training French soldiers to supervise Daesh Training French soldiers to supervise Daesh Voltaire Network | 27 October 2016 français Español italiano Deutsch Türkçe On 22 September 2016, while cleaning around an abandoned troglodyte refuge not far from the church of Saint-Florent on the outskirts of "
kaggle_fake_or_real,1,0,False Negative (Fake predicted as Real),Daesh abducts 1000s near Mosul to use them as human shields: UN Iraq Civilians leave their homes as Iraqi troops fight against Daesh militants in the village of Tob Zawa. (Photo by AP) Daesh terrorists have abducted tens of thousands of civilians from near Mosul to use them as human shields as gover
kaggle_fake_or_real,1,0,False Negative (Fake predicted as Real),"McCain Pledges to Help Pentagon Fix Scandal Over Excessive Military Bonuses Get short URL 0 18 0 0 Officials responsible for overpaying re-enlistment bonuses to soldiers a decade ago and officials who ordered those bonuses repaid earlier this month need to be held responsible, US Senate Armed Servic"
kaggle_fake_or_real,1,0,False Negative (Fake predicted as Real),Can nuclear war break out on the Korean Peninsula? Can nuclear war break out on the Korean Peninsula? 02.11.2016 Print version Font Size Does China support Pyongyang? Can the Chinese intervene in a possible conflict between the Democratic People's Republic of Korea and the United States? Senior offi
kaggle_fake_or_real,1,0,False Negative (Fake predicted as Real),Hillary Clinton in lead a day before Election Day Hillary Clinton in lead a day before Election Day 11/07/2016 PRESS TV Democratic presidential nominee Hillary Clinton leads her Republican rival by three percentage points nationally as they head into the final day of a tight race for the White House
