combo_id,prep_id,clf_id,cv_f1_mean,cv_f1_std,test_acc,test_prec,test_rec,test_f1,cross_dataset_f1,fit_time_sec
P1_LR,P1,LR,0.9831,0.002,0.9825,0.9875,0.974,0.9807,0.6963,16.43
P4_LR,P4,LR,0.9745,0.0023,0.9783,0.9863,0.9659,0.976,0.6935,37.58
P2_LR,P2,LR,0.977,0.0029,0.9784,0.9844,0.9682,0.9762,0.6913,39.0
P3_LR,P3,LR,0.9804,0.0026,0.9836,0.9881,0.976,0.982,0.6894,80.46
P4_SVM,P4,SVM,0.9841,0.0016,0.9852,0.9895,0.9779,0.9837,0.6867,36.14
P1_SVM,P1,SVM,0.9924,0.0006,0.9923,0.9938,0.9894,0.9916,0.6865,16.16
P2_SVM,P2,SVM,0.9862,0.0014,0.9876,0.9907,0.9821,0.9864,0.685,37.77
P3_SVM,P3,SVM,0.9897,0.0015,0.9917,0.9941,0.9877,0.9909,0.6839,81.71
P3_NB,P3,NB,0.9449,0.0036,0.9486,0.9449,0.9428,0.9438,0.6442,74.31
P1_NB,P1,NB,0.9356,0.0043,0.9417,0.946,0.9254,0.9356,0.6368,15.34
P2_NB,P2,NB,0.9301,0.0043,0.9357,0.9395,0.9187,0.929,0.6345,34.45
P4_NB,P4,NB,0.927,0.0036,0.933,0.9381,0.914,0.9259,0.6327,35.49
