feature,coefficient,class
video,10.730058833118306,FAKE
this,7.053236743725214,FAKE
us,6.8557320203357,FAKE
just,6.227363035501233,FAKE
gop,5.817079212585501,FAKE
that,5.521976733502716,FAKE
is,5.464328744968735,FAKE
hillary,5.328181592387585,FAKE
read,5.1587739597483475,FAKE
mr,4.643340653686364,FAKE
watch,4.619460505247563,FAKE
you,4.273295575502928,FAKE
america,4.1586550405275435,FAKE
breaking,3.806010500780296,FAKE
even,3.7979141907017873,FAKE
obama,3.7564181715473364,FAKE
here,3.6648142086300592,FAKE
these,3.41003712421802,FAKE
rep,3.3289066334414223,FAKE
sen,3.2226829803029027,FAKE
all,3.1676471622591804,FAKE
like,3.1469654885959377,FAKE
isis,3.113563971212432,FAKE
out,3.090803639466784,FAKE
why,3.0148380176063627,FAKE
didn,2.9798571959436475,FAKE
now,2.853616325131539,FAKE
our,2.82329700609291,FAKE
american,2.812878902864279,FAKE
what,2.753669018522855,FAKE
said,-20.846763474046778,REAL
on,-9.116023959993901,REAL
washington,-7.337346334208535,REAL
in,-5.583961237196187,REAL
republican,-5.113170615901962,REAL
wednesday,-4.863139420690923,REAL
tuesday,-4.62490368848997,REAL
thursday,-4.302526341691146,REAL
presidential,-4.201939926139875,REAL
told,-4.1827236565476245,REAL
friday,-3.8476349162987438,REAL
minister,-3.78950126287816,REAL
nov,-3.626661397424891,REAL
had,-3.5482460793961126,REAL
monday,-3.5080637934127292,REAL
reporters,-3.320431309969779,REAL
its,-3.2531988201604283,REAL
democratic,-3.197661353649053,REAL
spokesman,-3.158407773825238,REAL
edt,-3.0828485219193267,REAL
election,-2.9958667347046504,REAL
comment,-2.9411061376674152,REAL
house,-2.9392610149814886,REAL
government,-2.8155289403221047,REAL
year,-2.778155108159157,REAL
senate,-2.7734925521944995,REAL
britain,-2.7550743516694927,REAL
says,-2.6703171372817627,REAL
london,-2.6656588749023564,REAL
trade,-2.6163943940197543,REAL
